cs-CZ	Česky	/cs-cookies	Cookies	cookies, about cookies	About cookies.	A11: O cookies	
cs-CZ	Česky	/cestovni-konverzace	Úvod do SmartPhrase	konverzace, úvod, cestovní	Základní informace o cestovní konverzaci SmartPhrase	A1: Start	Úvod
cs-CZ	Česky	/jak-vypada-konverzace-android	Android: Jak vypadá Konverzace na cesty	ukázka, konverzace na cesty, android	Podívejte se, jak vypadá Konverzace na cesty pro operační systém Android.	A32: Náhled Android	Android
cs-CZ	Česky	/jak-vypada-konverzace-windows8	Windows 8: Jak vypadá Konverzace na cesty	ukázka, cestovní konverzace, windows 8	Podívejte se, jak vypadá Konverzace na cesty pro operační systém Windows 8.	A31: Náhled W8	Windows 8
cs-CZ	Česky	/kontakt-fraze	Kontakty	kontakt	Napište autorům Cestovní konverzace jakékoliv vaše poznatky z provozu aplikace	A8: Kontakt	
cs-CZ	Česky	/jak-vypada-konverzace	Jak vypadá Konverzace na cesty	ukázka, demo aplikace, konverzace na cesty, cestovní	Cestovní konverzace umožňuje studovat až 22 jazyků	A3: Náhled	Náhled
cs-CZ	Česky	/podpora-fraze-android	Android: Podpora a FAQ	faq, podpora, aplikace, android	Nevíte si rady s naší aplikací pro Android? Zeptejte se nás..	A42: Podpora Android	Android
cs-CZ	Česky	/podpora-fraze-windows8	Window 8: Podpora a FAQ	faq, podpora, aplikace, windows 8	Nevíte si rady s naší aplikací pro Windows 8? Zeptejte se nás..	A41: Podpora Windows8	Windows 8
cs-CZ	Česky	/podpora-fraze	Podpora a FAQ Cestovní konverzace	faq, podpora, aplikace	Máte-li potíže s aplikací, zeptejte se nás, a my vám poradíme	A4: Podpora	Podpora
cs-CZ	Česky	/uplatneni-cestovni-konverzace-staty	Použití cestovní konverzace	cestovní, použití, cizí stát, země, konverzace, jazyk	Všechny země (státy), kde se domluvíte cizím jazykem z naší Cestovní konverzace.	A5: Uplatnění	Uplatnění
cs-CZ	Česky	/jak-vypada-ipad-konverzace	Ukázka na iPhone	ukázka demo cestovní konverzace	Cestovní konverzace na iPhone či iPad umožňuje studovat až 22 jazyků	A33: Náhled iOS	iOS
cs-CZ	Česky	/podpora-fraze-iphone	iOS: Podpora a FAQ Cestovní konverzace	faq podpora aplikace iphone ipad	Máte-li potíže s aplikací na iPhone či iPad, zeptejte se nás, a my vám poradíme	A43: Podpora iOS	iOS
cs-CZ	Česky	/vlastnosti-konverzace	Vlastnosti Cestovní konverzace	vlastnost, konverzace, cestovní	Aplikace Cestovní konverzacepro mobilní zařízení obsahuje 22 jazyků	A2: Vlastnosti	Vlastnosti
cs-CZ	Česky	/cs-sitemap	Mapa webu	sitemap	Mapa webu	A10: Mapa webu	
cs-CZ	Česky	/ochranne-znamky	Ochranné známky	trademarks, trademark	About trademarks.	A12: Trademarks	
cs-CZ	Česky	/servisni-stranka	Servisní stránka	service, page, service page	Co o vás prozrazuje váš počítač a prohlížeč.	A13: Servisní stránka	
da-DK	Dansk	/anvendelse-rejseparloer-stater	Brugen af rejseparløren	rejse, brug, fremmed, stat, land, konversation, sprog	Alle lande (stater), hvor du kan tale med fremmedsprog fra vores Rejseparlør.	A5: Uplatnění	Anvendelse
da-DK	Dansk	/egenskaber-konversation	Rejseparlørens egenskaber	egenskaber, konversation, rejse	Applikation Rejseparlør indeholder 22 sprog	A2: Vlastnosti	Applikationens egenskaber
da-DK	Dansk	/hvordan-ser-konversation-ud	Eksempler	eksempel, på, af, rejsekonversationen	Rejseparløren gør muligt at studere op til 22 sprog	A3: Náhled	Applikationens preview
da-DK	Dansk	/hvordan-ser-konversation-ud-android	Android: Eksempler	eksempel, på, af, rejsekonversationen, android	Rejseparløren gør muligt at studere op til 22 sprog	A32: Náhled Android	Android
da-DK	Dansk	/hvordan-ser-konversation-ud-windows8	Windows 8: Eksempler	eksempel, på, af, rejsekonversationen, windows 8	Rejseparløren gør muligt at studere op til 22 sprog	A31: Náhled W8	Windows 8
da-DK	Dansk	/kontakt-saetninger	Kontakter	kontakt	Skriv til forfatterne af Rejseparløren angående de ideer du har fået ved brugen af applikationen	A8: Kontakt	
da-DK	Dansk	/rejseparloer	Indledning til SmartPhrase	konversationen, indledning, rejse	Almene informationer om rejseparløren SmartPhrase	A1: Start	Rejseparlør
da-DK	Dansk	/support-saetninger-android	Android: Support og FAQ Rejseparlør	faq, support, applikation, windows 8	Hvis du har problemer med applikationen, spørg os og vi vil hjælpe dig.	A42: Podpora Android	Android
da-DK	Dansk	/support-saetninger-windows8	Windows 8: Support og FAQ Rejseparlør	faq, support, applikation, android	Hvis du har problemer med applikationen, spørg os og vi vil hjælpe dig.	A41: Podpora Windows8	Windows 8
da-DK	Dansk	/hvordan-ser-ipad-konversation-ud	Eksempler til iPhone	eksempel på demo af rejsekonversationen	Rejseparløren til iPhone eller iPad gør muligt at studere op til 22 sprog	A33: Náhled iOS	iOS
da-DK	Dansk	/support-saetninger-iphone	iOS: Support og FAQ Rejseparlør	faq support applikation iphone ipad	Hvis du har problemer med applikationen til iPhone eller iPad, spørg os og vi vil hjælpe dig.	A43: Podpora iOS	iOS
da-DK	Dansk	/support-saetninger	Support og FAQ Rejseparlør	faq, support, applikation	Hvis du har problemer med applikationen, spørg os og vi vil hjælpe dig.	A4: Podpora	Support
da-DK	Dansk	/da-sitemap	Site map	sitemap	Site map	A10: Mapa webu	
de-DE	Deutsch	/anwendung-reise-sprachfuehrer-staaten	Anwendung des Reisesprachführers	reise, sprachfuehrer, anwendung, fremder, staat, land, sprache	Alle Länder (Staaten), in denen Sie sich in einer fremden Sprache aus unserem Reisesprachführer verständigen können	A5: Uplatnění	Anwendung
de-DE	Deutsch	/eigenschaften-sprachfuehrer	Eigenschaften von Reisesprachführer	eigenschaften, reise-sprachfuehrer	Die App Reisesprachführer für iPhone und iPad umfasst 22 Sprachen	A2: Vlastnosti	Eigenschaften der App
de-DE	Deutsch	/kontakt-phrase	Kontaktinformationen	kontakt	Schreiben Sie den Entwicklern von Reisesprachführer Ihre Anmerkungen zum Betrieb der App auf Ihrem Gerät.	A8: Kontakt	
de-DE	Deutsch	/reise-sprachfuehrer	Einführung in SmartPhrase	Reisesprachführer, einführung	Basisinformationen zum Reisesprachführer iSmartPhrase	A1: Start	Reisesprachführer
de-DE	Deutsch	/support-phrasen-android	Android: Support und FAQ Reisesprachführer	faq, support, app, android	Schreiben Sie den Entwicklern von Reisesprachführer Ihre Anmerkungen zum Betrieb der App auf Ihrem Gerät.	A42: Podpora Android	Android
de-DE	Deutsch	/support-phrasen-windows8	Windows 8: Support und FAQ Reisesprachführer	faq, support, app, Windows 8	Schreiben Sie den Entwicklern von Reisesprachführer Ihre Anmerkungen zum Betrieb der App auf Ihrem Gerät.	A41: Podpora Windows8	Windows 8
de-DE	Deutsch	/support-phrasen	Support und FAQ Reisesprachführer	faq, support, app	Wenn Sie Probleme mit der App auf dem iPhone oder dem iPad haben, fragen Sie uns und wir helfen Ihnen.	A4: Podpora	Support
de-DE	Deutsch	/wie-der-sprachfuehrer-aussieht-android	Wie schaut die Anwendung für das System Android™ aus	demo, reise-sprachfuehrer, android	Sie können KOSTENLOS und unverbindlich testen, wie die App funktioniert und was sie alles beinhaltet. Sie gehen keinerlei Risiko ein.	A32: Náhled Android	Android
de-DE	Deutsch	/wie-der-sprachfuehrer-aussieht-windows8	Wie schaut die Anwendung für das System Windows 8 aus	demo, reise-sprachfuehrer, windows8	Sie können KOSTENLOS und unverbindlich testen, wie die App funktioniert und was sie alles beinhaltet. Sie gehen keinerlei Risiko ein.	A31: Náhled W8	Windows 8
de-DE	Deutsch	/wie-der-ipad-sprachfuehrer-aussieht	Demo auf dem iPhone	demo reise-sprachfuehrer	Der Reisesprachführer auf dem iPhone oder iPad ermöglicht es, bis zu 22 Sprachen zu lernen.	A33: Náhled iOS	iOS
de-DE	Deutsch	/support-phrasen-iphone	iOS: Support und FAQ Reisesprachführer	faq support app iphone ipad	Wenn Sie Probleme mit der App auf dem iPhone oder dem iPad haben, fragen Sie uns und wir helfen Ihnen.	A43: Podpora iOS	iOS
de-DE	Deutsch	/wie-der-sprachfuehrer-aussieht	Demo auf dem Verfügung	demo, reise-sprachfuehrer	Der Reisesprachführer auf dem iPhone oder iPad ermöglicht es, bis zu 22 Sprachen zu lernen.	A3: Náhled	Ansicht der App
de-DE	Deutsch	/de-sitemap	Standortkarte	sitemap	Standortkarte	A10: Mapa webu	
en-US	English	/en-cookies	Cookies	cookies, about cookies	About cookies.	A11: O cookies	
en-US	English	/contact-phrase	Contacts	contact	Write the authors of Traveler’s phrasebook about your ideas based on your use of the application	A8: Kontakt	
en-US	English	/features-phrasebook	Features of Traveler’s phrasebook	features, phrasebook, travel	Traveler’s phrasebook contains 22 languages	A2: Vlastnosti	Features
en-US	English	/how-appears-phrasebook	Example	example, traveler’s phrasebook	Traveler’s phrasebook makes it possible to study 22 languages	A3: Náhled	Preview
en-US	English	/how-appears-phrasebook-android	Android: Example	example, traveler’s phrasebook, android	Traveler’s phrasebook makes it possible to study 22 languages	A32: Náhled Android	Android
en-US	English	/how-appears-phrasebook-windows8	Windows 8: Example	example, traveler’s phrasebook, windows 8	Traveler’s phrasebook makes it possible to study 22 languages	A31: Náhled W8	Windows 8
en-US	English	/practise-travel-phrasebook-states	Uses Traveler’s phrasebook	travel, uses, foreign, states, conversation, language, phrasebook	Every country (state) where it is possible to speak a foreign language from our Traveler’s phrasebook	A5: Uplatnění	Practical usage
en-US	English	/support-phrase	Support and FAQ Traveler’s phrasebook	FAQ, support, application	If you have trouble with the application, please ask us for help	A4: Podpora	Support
en-US	English	/support-phrase-android	Android: Support and FAQ Traveler’s phrasebook	FAQ, support, application, android	If you have trouble with the application, please ask us for help	A42: Podpora Android	Android
en-US	English	/support-phrase-windows8	Windows 8: Support and FAQ Traveler’s phrasebook	FAQ, support, application, windows 8	If you have trouble with the application, please ask us for help	A41: Podpora Windows8	Windows 8
en-US	English	/trademark	Trademarks	trademark	About trademarks.	A12: Trademarks	
en-US	English	/how-appears-ipad-phrasebook	Example on iPhone	example demo traveler’s phrasebook	Traveler’s phrasebook on iPhone or iPad makes it possible to study 22 languages	A33: Náhled iOS	iOS
en-US	English	/support-phrase-iphone	iOS: Support and FAQ Traveler’s phrasebook	FAQ support application iphone ipad	If you have trouble with the application on iPhone or iPad, please ask us for help	A43: Podpora iOS	iOS
en-US	English	/travel-phrasebook	Introduction to SmartPhrase	conversation, introduction, travel	Basic information about Traveler’s phrasebook SmartPhrase	A1: Start	Traveler’s phrasebook
en-US	English	/service-page	Service page	service, page, service page	Service page to the web Pub English	A13: Servisní stránka	
en-US	English	/en-sitemap	Site map	sitemap	Site map	A10: Mapa webu	
es-ES	Español	/caracteristicas-conversacion	Características del Diccionario de viaje	características, conversación, viaje	La aplicación del Diccionario de viaje contiene 22 lenguas	A2: Vlastnosti	Características
es-ES	Español	/como-es-conversacion	Aplicación vista previa	muestra, conversación de viaje, diccionario	El Diccionario de viaje permite estudiar hasta 22 lenguas	A3: Náhled	Vista preliminar
es-ES	Español	/como-es-conversacion-android	Android: Aplicación vista previa	muestra, conversación de viaje, diccionario, android	La aplicación del Diccionario de viaje contiene 22 lenguas	A32: Náhled Android	Android
es-ES	Español	/como-es-conversacion-windows8	Windows 8: Aplicación vista previa	muestra, conversación de viaje, diccionario, Windows 8	La aplicación del Diccionario de viaje contiene 22 lenguas	A31: Náhled W8	Windows 8
es-ES	Español	/contacto-frase	Contactos	contacto	Escribe a los autores del Diccionario de viaje cualquier experiencia del funcionamiento de la aplicación	A8: Kontakt	
es-ES	Español	/diccionario-de-viaje	Introducción a SmartPhrase	conversación, introducción de viaje, diccionario	Información básica acerca del Diccionario de viaje SmartPhrase	A1: Start	Diccionario de viaje
es-ES	Español	/soporte-frase-android	Android: Soporte y FAQ del Diccionario de viaje	faq, soporte, aplicación, android	Si tiene usted problemas con la aplicación, contáctenos y nosotros le aconsejaremos	A42: Podpora Android	Android
es-ES	Español	/soporte-frase-windows8	Windows 8: Soporte y FAQ del Diccionario de viaje	faq, soporte, aplicación, windows 8	Si tiene usted problemas con la aplicación, contáctenos y nosotros le aconsejaremos	A41: Podpora Windows8	Windows 8
es-ES	Español	/soporte-frase	Soporte y FAQ del Diccionario de viaje	faq, soporte, aplicación	Si tiene usted problemas con la aplicación, contáctenos y nosotros le aconsejaremos	A4: Podpora	Soporte
es-ES	Español	/como-es-ipad-conversacion	Muestra en iPhone	muestra demo conversación de viaje diccionario	El Diccionario de viaje en iPhone o iPad permite estudiar hasta 22 lenguas	A33: Náhled iOS	iOS
es-ES	Español	/soporte-frase-iphone	iOS: Soporte y FAQ del Diccionario de viaje	faq soporte aplicación iphone ipad	Si tiene usted problemas con la aplicación para iPhone o iPad, contáctenos y nosotros le aconsejaremos	A43: Podpora iOS	iOS
es-ES	Español	/uso-diccionario-de-viaje-paises	El uso del Diccionario de viaje	de viaje, uso extranjero, estado, país, conversación, lengua	Todos los países (estados) donde se comunica usted en la lengua extranjera gracias a nuestro Diccionario de viaje	A5: Uplatnění	Uso
es-ES	Español	/es-sitemap	Mapa del sitio	sitemap	Mapa del sitio	A10: Mapa webu	
fr-FR	Français	/application-conversation-voyage-etats	Utilisations de conversation de voyage	voyage, utlisations, état, étrangers, converation, langue	Tous les pays (les États) où vous pouvez parler en langue étrangère avec nos Conversations de voyage.	A5: Uplatnění	Application
fr-FR	Français	/a-quoi-ressemble-conversations	Exemple	exemple de conversation de voyage	Conversation de voyage permet d´étudier jusqu'à 22 langues	A3: Náhled	Apperçus
fr-FR	Français	/a-quoi-ressemble-conversations-android	Android: Exemple	exemple de conversation de voyage, android	Conversation de voyage permet d´étudier jusqu'à 22 langues	A32: Náhled Android	Android
fr-FR	Français	/a-quoi-ressemble-conversations-windows8	Windows 8: Exemple	exemple de conversation de voyage, windows 8	Conversation de voyage permet d´étudier jusqu'à 22 langues	A31: Náhled W8	Windows 8
fr-FR	Français	/phrase-contact	Contacts	contact	Écrivez aux auteurs des Conversations de voyage sur vos idées du fonctionnement de l´application	A8: Kontakt	
fr-FR	Français	/proprietes-conversation	Propriétés de Conversation de voyage	les propriétés des conversations de voyage	Conversation de voyage comprend 22 langues	A2: Vlastnosti	Propriétés
fr-FR	Français	/soutien-phrases	Soutien et FAQ de Conversation de voyage	FAQ, soutien, application	Si vous avez des problèmes avec l'application, demandez-nous et nous vous conseillerons	A4: Podpora	Soutien
fr-FR	Français	/soutien-phrases-android	Android: Soutien et FAQ de Conversation de voyage	FAQ, soutien, application, android	Si vous avez des problèmes avec l'application, demandez-nous et nous vous conseillerons	A42: Podpora Android	Android
fr-FR	Français	/soutien-phrases-windows8	Windows 8: Soutien et FAQ de Conversation de voyage	FAQ, soutien, application, windows 8	Si vous avez des problèmes avec l'application, demandez-nous et nous vous conseillerons	A41: Podpora Windows8	Windows 8
fr-FR	Français	/a-quoi-ressemble-conversations-ipad	Exemple sur iPhone	exemple démo de conversation de voyage	Conversation de voyage sur iPhone ou iPad permet d´étudier jusqu'à 22 langues	A33: Náhled iOS	iOS
fr-FR	Français	/soutien-phrases-iphone	iOS: Soutien et FAQ de Conversation de voyage	FAQ soutien application iphone ipad	Si vous avez des problèmes avec l'application sur iPhone ou iPad, demandez-nous et nous vous conseillerons	A43: Podpora iOS	iOS
fr-FR	Français	/voyage-conversation	Introduction à SmartPhrase	conversation, introduction, voyage	Informations de base sur Conversation de voyage SmartPhrase	A1: Start	Conversation de voyage
fr-FR	Français	/fr-sitemap	Plan du site	sitemap	Plan du site	A10: Mapa webu	
hr-HR	Hrvatski	/fraze-kontakt	Kontakti	kontakt	Autorima Priručnika za konverzaciju napišite bilo kakva vaša saznanja o radu aplikacije	A8: Kontakt	
hr-HR	Hrvatski	/kako-izgleda-frazeologija	Primjerak	primjerka, frazeološki, priručnik	Priručnik za konverzaciju omogućuje učenje 22 stranih jezika	A3: Náhled	Prikaz
hr-HR	Hrvatski	/kako-izgleda-frazeologija-android	Android: Primjerak	primjerka, frazeološki, priručnik, android	Priručnik za konverzaciju omogućuje učenje 22 stranih jezika	A32: Náhled Android	Android
hr-HR	Hrvatski	/kako-izgleda-frazeologija-windows8	Windows 8: Primjerak	primjerka, frazeološki, priručnik, windows 8	Priručnik za konverzaciju omogućuje učenje 22 stranih jezika	A31: Náhled W8	Windows 8
hr-HR	Hrvatski	/podrska-fraze	Podrška i FAQ Priručnika za konverzaciju	faq, podrška, aplikacija	U slučaju problema s aplikacijom, pitajte nas, mi ćemo vas savjetovati	A4: Podpora	Podrška
hr-HR	Hrvatski	/podrska-fraze-android	Android: Podrška i FAQ Priručnika za konverzaciju	faq, podrška, aplikacija, android	U slučaju problema s aplikacijom, pitajte nas, mi ćemo vas savjetovati	A42: Podpora Android	Android
hr-HR	Hrvatski	/podrska-fraze-windows8	Windows 8: Podrška i FAQ Priručnika za konverzaciju	faq, podrška, aplikacija, windows 8	U slučaju problema s aplikacijom, pitajte nas, mi ćemo vas savjetovati	A41: Podpora Windows8	Windows 8
hr-HR	Hrvatski	/primjena-prirucnik-za-konverzaciju	Primjena Priručnika za konverzaciju	primjena, putovanje, strana, zemlja, razgovor, jezik	Sve zemlje (države), gdje se možete sporazumjeti stranim jezikom iz našeg Priručnika za konverzaciju.	A5: Uplatnění	Primjena
hr-HR	Hrvatski	/prirucnik-za-konverzaciju	Uvod do SmartPhrase	frazeologija, priručnik, uvod	Osnovne informacije o priručniku za konverzaciju SmartPhrase	A1: Start	Priručnik za konverzaciju
hr-HR	Hrvatski	/kako-izgleda-ipad-frazeologija	Primjerak za iPhone	primjerka demo verzije frazeološki priručnik	Priručnik za konverzaciju za iPhone ili iPad omogućuje učenje 22 stranih jezika	A33: Náhled iOS	iOS
hr-HR	Hrvatski	/podrska-fraze-iphone	iOS: Podrška i FAQ Priručnika za konverzaciju	faq podrška aplikacija iphoneipad	U slučaju problema s aplikacijom na iPhone ili iPad, pitajte nas, mi ćemo vas savjetovati	A43: Podpora iOS	iOS
hr-HR	Hrvatski	/svojstva-konverzacija	Svojstva Priručnika za konverzaciju	Svojstva, frazeologija, priručnik	Aplikacija Priručnika za konverzaciju sadrži 22 jezika	A2: Vlastnosti	Svojstva
hr-HR	Hrvatski	/hr-sitemap	Mapu web-lokacije	sitemap	Mapu web-lokacije	A10: Mapa webu	
it-IT	Italiano	/assistenza-espressione	Assistenza e FAQ Conversazione da Viaggio	faq, assistenza, applicazione	Se siete in difficoltà con l’applicazione non esitate a contattarci, saremo lieti di fornirvi il supporto richiesto	A4: Podpora	Assistenza
it-IT	Italiano	/assistenza-espressione-android	Android: Assistenza e FAQ Conversazione da Viaggio	faq, assistenza, applicazione, android	Se siete in difficoltà con l’applicazione non esitate a contattarci, saremo lieti di fornirvi il supporto richiesto	A42: Podpora Android	Android
it-IT	Italiano	/assistenza-espressione-windows8	Windows 8:Assistenza e FAQ Conversazione da Viaggio	faq, assistenza, applicazione, windows 8	Se siete in difficoltà con l’applicazione non esitate a contattarci, saremo lieti di fornirvi il supporto richiesto	A41: Podpora Windows8	Windows 8
it-IT	Italiano	/contatto-espressione	Contatti	contatto	Scrivete agli ideatori di Conversazione da Viaggio le vostre opinioni sul funzionamento dell’applicazione	A8: Kontakt	
it-IT	Italiano	/conversazione-da-viaggio	Introduzione all‘SmartPhrase	conversazione, introduzione, viaggio	Informazioni base sull‘applicazione Conversazione da Viaggio dell‘SmartPhrase	A1: Start	Conversazione da Viaggio
it-IT	Italiano	/presentazione-conversazione-android	Android: Dimonstrazione	dimostrazione, conversazione, viaggio, android	Conversazione da Viaggio permette di studiare fino a 22 lingue	A32: Náhled Android	Android
it-IT	Italiano	/presentazione-conversazione-windows8	Windows 8: Dimostrazione	dimostrazione, conversazione, viaggio, windows 8	Útiszótár 22 nyelv tanulását teszi lehetővé.	A31: Náhled W8	Windows 8
it-IT	Italiano	/presentazione-conversazione	Dimostrazione	dimostrazione, conversazione, viaggio	Conversazione da Viaggio permette di studiare fino a 22 lingue	A3: Náhled	Profilo dell’applicazione
it-IT	Italiano	/proprieta-conversazione	Proprietà Conversazione da Viaggio	proprietà, convesazione, viaggio	L‘applicazione Conversazione da Viaggio contiene 22 lingue	A2: Vlastnosti	Applicazione proprietà
it-IT	Italiano	/presentazione-conversazione-ipad	Dimostrazione sull’iPhone	dimostrazione demo conversazione viaggio	A iPhone-on vagy az iPad-en használt Útiszótár 22 nyelv tanulását teszi lehetővé.	A33: Náhled iOS	iOS
it-IT	Italiano	/assistenza-espressione-iphone	iOS: Assistenza e FAQ Conversazione da Viaggio	faq assistenza applicazione iphone ipad	Se siete in difficoltà con l’applicazione sull’iPhone o sull’iPad, non esitate a contattarci, saremo lieti di fornirvi il supporto richiesto	A43: Podpora iOS	iOS
it-IT	Italiano	/utilizzo-conversazione-viaggio-stati	Uso di Conversazione da Viaggio	viaggio, utlilizzo, estero, stato, paese, conversazione, lingua	Tutti i paesi (gli stati) dove potete comunicare nelle rispettive lingue usando la nostra applicazione Conversazione da Viaggio	A5: Uplatnění	Utilizzo
it-IT	Italiano	/it-sitemap	Mappa del sito	sitemap	Mappa del sito	A10: Mapa webu	
hu-HU	Magyar	/ervenyesites-utiszotar-orszagok	Az útiszótár alkalmazása	utazási, alkalmazás, idegen, ország, beszélt, nyelv, útiszótár	Minden ország (állam), ahol az Útiszótár nyelvei segítségükre lehetnek.	A5: Uplatnění	Érvényesítés
hu-HU	Magyar	/hogy-nez-ki-utiszotar	Minta	bemutatás, demo, minta, utazási, társalgás	Útiszótár - 22 nyelv tanulását teszi lehetővé.	A3: Náhled	Alkalmazás kinézete
hu-HU	Magyar	/hogy-nez-ki-utiszotar-android	Android: Hogy Néz ki Útiszótár	bemutatás, minta, utazási, társalgás	Android: Útiszótár - 22 nyelv tanulását teszi lehetővé.	A32: Náhled Android	Android
hu-HU	Magyar	/hogy-nez-ki-utiszotar-windows8	Windows 8: Hogy Néz ki Útiszótár	bemutatás, minta, utazási, társalgás	מאפשר ללמוד עד 22 שפות שיחון לתייר עבור	A31: Náhled W8	Windows 8
hu-HU	Magyar	/kapcsolat-kifejezes	Kapcsolatok	kapcsolat	Az Útiszótár teljes, 22 nyelvet tartalmazó kollekciójával 215 országban értetheti meg magát.	A8: Kontakt	
hu-HU	Magyar	/segitseg-kifejezes	Támogatás az útiszótár használatához és FAQ	faq, támogatás, alkalmazása	Ha problémái vannak az Útiszótár alkalmazásával, kérdezzenek meg bennünket és mi adunk tanácsot	A4: Podpora	Támogatás
hu-HU	Magyar	/segitseg-kifejezes-android	Android: Támogatás az útiszótár használatához és FAQ	faq, támogatás, android, alkalmazása	Ha problémái vannak az Útiszótár alkalmazásával, kérdezzenek meg bennünket és mi adunk tanácsot	A42: Podpora Android	Android
hu-HU	Magyar	/segitseg-kifejezes-windows8	Window 8: Támogatás az útiszótár használatához és FAQ	faq, támogatás, windows8, alkalmazása	Ha problémái vannak az Útiszótár alkalmazásával, kérdezzenek meg bennünket és mi adunk tanácsot	A41: Podpora Windows8	Windows 8
hu-HU	Magyar	/utiszotar	Bevezetés az SmartPhrase-hez	bevezetés, utazási, társalgás, útiszótár	Általános információk a SmartPhrase útiszótárhoz	A1: Start	Útiszótár
hu-HU	Magyar	/hogy-nez-ki-ipad-utiszotar	Minta az iPhone-on	bemutatás demo minta utazási társalgás	מאפשר ללמוד עד 22 שפות iPad או iPhone שיחון לתייר עבור	A33: Náhled iOS	iOS
hu-HU	Magyar	/segitseg-kifejezes-iphone	iOS: Támogatás az útiszótár használatához és FAQ	faq támogatás iphone ipad alkalmazása	Ha problémái vannak az iPhone vagy iPad alkalmazásával, kérdezzenek meg bennünket és mi adunk tanácsot	A43: Podpora iOS	iOS
hu-HU	Magyar	/utiszotar-tulajdonsagai	Útiszótár tulajdonságai	utazási, társalgás, tulajdonságok, útiszótár	Az Útiszótár teljes, 22 nyelvet tartalmazó kollekciójával 215 országban értetheti meg magát.	A2: Vlastnosti	Az alkalmazás tulajdonságai
hu-HU	Magyar	/hu-sitemap	Helyszíni térkép	sitemap	Helyszíni térkép	A10: Mapa webu	
nl-NL	Nederlands	/contact-uitdrukking	Contacten	contact	Schrijf aan de auteurs van de Conversatiegids welke ervaring ook met het gebruik van applicatie	A8: Kontakt	
nl-NL	Nederlands	/conversatiegids	Inleiding tot SmartPhrase	conversatie, inleiding, reis	Basis informatie over reisconversatie SmartPhrase	A1: Start	Conversatiegids
nl-NL	Nederlands	/eigenschappen-conversatie	Eigenschappen Conversatiegids	Eigenschappen, conversatie, reis	Applicatie van de Conversatiegids bevat 22 talen	A2: Vlastnosti	Eigendommen van de applicatie
nl-NL	Nederlands	/hoe-ziet-de-conversatie-eruit-android	Android: Voorbeeld	voorbeeld, reisconversatie, conversatiegids, android	De conversatiegids maakt het mogelijk om tot 22 talen te bestuderen	A32: Náhled Android	Android
nl-NL	Nederlands	/hoe-ziet-de-conversatie-eruit-windows8	Windows 8: Voorbeeld	voorbeeld, reisconversatie, conversatiegids, windows 8	De conversatiegids maakt het mogelijk om tot 22 talen te bestuderen	A31: Náhled W8	Windows 8
nl-NL	Nederlands	/hoe-ziet-de-conversatie-eruit	Voorbeeld	voorbeeld, reisconversatie, conversatiegids	De conversatiegids maakt het mogelijk om tot 22 talen te bestuderen	A3: Náhled	Inzage applicatie
nl-NL	Nederlands	/ondersteuning-uitdrukkingen-android	Android: FAQ / Ondersteuning	faq, ondersteuning, applicatie, android	Indien u problemen met de applicatie, hebt vraag de hulp aan ons	A42: Podpora Android	Android
nl-NL	Nederlands	/ondersteuning-uitdrukkingen-windows8	Windows 8: FAQ / Ondersteuning	faq, ondersteuning, applicatie, windows 8	Indien u problemen met de applicatie, hebt vraag de hulp aan ons	A41: Podpora Windows8	Windows 8
nl-NL	Nederlands	/ondersteuning-uitdrukkingen	FAQ / Ondersteuning	faq, ondersteuning, applicatie	Indien u problemen met de applicatie, hebt vraag de hulp aan ons	A4: Podpora	Ondersteuning
nl-NL	Nederlands	/hoe-ziet-de-ipad-conversatie-eruit	Voorbeeld op iPhone	voorbeeld van de demo reisconversatie conversatiegids	iPhone ・ iPadでご利用いただける旅行会話アプリケーションで22カ国の言語を学ぶことが可能になります。	A33: Náhled iOS	iOS
nl-NL	Nederlands	/ondersteuning-uitdrukkingen-iphone	iOS: FAQ / Ondersteuning	faq ondersteuning applicatie iphone ipad	Indien u problemen met de applicatie op de iPhone of iPad, hebt vraag de hulp aan ons	A43: Podpora iOS	iOS
nl-NL	Nederlands	/toepassing-reis-conversatie-landen	Gebruik reisconversatie	reis, gebruik, vreemd, land, conversatie, taal	Alle landen waar u zich met een vreemde taal van onze Conversatiegids verstaanbaar kan maken	A5: Uplatnění	Toepassing
nl-NL	Nederlands	/nl-sitemap	Site map	sitemap	Site map	A10: Mapa webu	
nb-NO	Norsk	/egenskaper-konversasjon	Egenskaper av Reiseordbok	egenskape,r konversasjon, reise	Applikasjon reiseordbok omfatter 22 språk	A2: Vlastnosti	Egenskaper av applikasjonen
nb-NO	Norsk	/hvordan-synes-reiseordbok	Eksempel	eksempel, reiseordbok	Reiseordbok tilbyr muligheten å lese opptil 22 språk	A3: Náhled	Prøveforestilling av applikasjonen
nb-NO	Norsk	/hvordan-synes-reiseordbok-android	Android: Eksempel	eksempel, reiseordbok, android	Reiseordbok tilbyr muligheten å lese opptil 22 språk	A32: Náhled Android	Android
nb-NO	Norsk	/hvordan-synes-reiseordbok-windows8	Windows 8: Eksempel	eksempel, reiseordbok, windows 8	Reiseordbok tilbyr muligheten å lese opptil 22 språk	A31: Náhled W8	Windows 8
nb-NO	Norsk	/kontakt-frase	Kontakter	Kontakt	Skriv til opphavsmenn av Reiseordboka om dine tanker og ideer relatert til din bruk av ap-plikasjonen	A8: Kontakt	
nb-NO	Norsk	/praksis-reiseordbok-land	Anvendelse Reiseordbok	Reise, anvendelse, fremmede land, konversasjon, språk, ordbok	Hvert land (stat) hvor det kan anvendes språk fra vår Reiseordbok	A5: Uplatnění	Praksis
nb-NO	Norsk	/reiseordbok	Innledning til SmartPhrase	innledning, reiseordbok	Hovedinformasjon om reiseordbok SmartPhrase	A1: Start	Reiseordbok
nb-NO	Norsk	/support-frase-android	Android: Support og FAQ Reiseordbok	FAQ, support, applikasjon, android	Dersom du har vanskeligheter med applikasjonen, vennligst ta kontakt med oss for hjelp	A42: Podpora Android	Android
nb-NO	Norsk	/support-frase-windows8	Windows 8: Support og FAQ Reiseordbok	FAQ, support, applikasjon, windows 8	Dersom du har vanskeligheter med applikasjonen, vennligst ta kontakt med oss for hjelp	A41: Podpora Windows8	Windows 8
nb-NO	Norsk	/hvordan-synes-ipad-reiseordbok	Eksempel på iPhone	eksempel demo reiseordbok	De conversatiegids op iPhone of iPad maakt het mogelijk om tot 22 talen te bestuderen	A33: Náhled iOS	iOS
nb-NO	Norsk	/support-frase-iphone	iOS: Support og FAQ Reiseordbok	FAQ support applikasjon iphone ipad	Dersom du har vanskeligheter med applikasjonen på iPhone eller iPad, vennligst ta kontakt med oss for hjelp	A43: Podpora iOS	iOS
nb-NO	Norsk	/support-frase	Support og FAQ Reiseordbok	FAQ, support, applikasjon	Dersom du har vanskeligheter med applikasjonen, vennligst ta kontakt med oss for hjelp	A4: Podpora	Support
nb-NO	Norsk	/nb-sitemap	Nettstedskart	sitemap	Nettstedskart	A10: Mapa webu	
pl-PL	Polski	/jak-wyglada-rozmowki	Próbka	próbka, rozmówki turystyczne	Rozmówki turystyczne umożliwiają naukę aż 22 języków	A3: Náhled	Podgląd aplikacji
pl-PL	Polski	/jak-wyglada-rozmowki-android	Android: Próbka	próbka, rozmówki turystyczne, android	Rozmówki turystyczne umożliwiają naukę aż 22 języków	A32: Náhled Android	Android
pl-PL	Polski	/jak-wyglada-rozmowki-windows8	Windows 8: Próbka	próbka, rozmówki turystyczne, windows 8	Rozmówki turystyczne umożliwiają naukę aż 22 języków	A31: Náhled W8	Windows 8
pl-PL	Polski	/kontakt-frazy	Kontakty	kontakt	Prześlijcie autorom jakiekolwiek Wasze uwagi dotyczące uruchomianie aplikacji	A8: Kontakt	
pl-PL	Polski	/pomoc-frazy	Pomoc i FAQ Rozmówki turystyczne	faq, pomoc, aplikacja	Jeśli macie problemy z aplikacją, zapytajcie nas, a my udzielimy Wam odpowiedzi.	A4: Podpora	Pomoc
pl-PL	Polski	/pomoc-frazy-android	Android: Pomoc i FAQ Rozmówki turystyczne	faq, pomoc, aplikacja, android	Jeśli macie problemy z aplikacją, zapytajcie nas, a my udzielimy Wam odpowiedzi.	A42: Podpora Android	Android
pl-PL	Polski	/pomoc-frazy-windows8	Windows 8: Pomoc i FAQ Rozmówki turystyczne	faq, pomoc, aplikacja, windows 8	Jeśli macie problemy z aplikacją, zapytajcie nas, a my udzielimy Wam odpowiedzi.	A41: Podpora Windows8	Windows 8
pl-PL	Polski	/rozmowki-turystyczne	Wprowadzenie do SmartPhrase	rozmówki, wprowadzenie, turystyczny	Podstawowe informacje o rozmówkach turystycznych SmartPhrase	A1: Start	Rozmówki turystyczne
pl-PL	Polski	/wlasciwosci-rozmowki	Właściwości Rozmówek turystycznych	właściwości rozmówki turystyczny	Aplikacja Rozmówki turystyczne na iPhone‘a i iPada zawiera 22 języki	A2: Vlastnosti	Właściwości aplikacji
pl-PL	Polski	/jak-wyglada-ipad-rozmowki	Próbka na iPhonie	próbka demo rozmówki turystyczne	Rozmówki turystyczne na iPhone‘a czy iPada umożliwiają naukę aż 22 języków	A33: Náhled iOS	iOS
pl-PL	Polski	/pomoc-frazy-iphone	iOS: Pomoc i FAQ Rozmówki turystyczne	faq pomoc aplikacja iphone ipad	Jeśli macie problemy z aplikacją w iPhonie czy iPadzie, zapytajcie nas, a my udzielimy Wam odpowiedzi.	A43: Podpora iOS	iOS
pl-PL	Polski	/zastosowanie-turystyczny-rozmowki-panstwa	Wykorzystanie rozmówek turystycznych	turystyczny, wykorzystanie, obcy, państwo, kraj, rozmowa, język	Wykaz krajów (państw), w których możecie się komunikować z naszymi Rozmówkami turystycznymi.	A5: Uplatnění	Zastosowanie
pl-PL	Polski	/pl-sitemap	Mapa serwisu	sitemap	Mapa serwisu	A10: Mapa webu	
pt-PT	Português	/caracteristicas-conversacao	Características da Conversação em Viagem	características conversação viagens	Conversação para viagens para iPhone e iPad contem 22 línguas	A2: Vlastnosti	Características da aplicação
pt-PT	Português	/como-se-apresenta-conversacao	Exemplo	exemplo, demonstração, conversação para viagens	Conversação para viagens torna possível o estudo de 22 línguas	A3: Náhled	Apresentação da aplicação
pt-PT	Português	/como-se-apresenta-conversacao-android	Android: Exemplo	exemplo, demonstração, conversação para viagens, android	Conversação para viagens torna possível o estudo de 22 línguas	A32: Náhled Android	Android
pt-PT	Português	/como-se-apresenta-conversacao-windows8	Windows 8: Exemplo	exemplo, demonstração, conversação para viagens, windows 8	Conversação para viagens torna possível o estudo de 22 línguas	A31: Náhled W8	Windows 8
pt-PT	Português	/contacto-locucao	Contactos	contacto	Escreva aos autores da Conversação para viagens acerca das suas ideias sobre o uso da aplicação	A8: Kontakt	
pt-PT	Português	/conversacao-para-viagens	Introdução ao SmartPhrase	conversação, introdução, viagem	Informaçãao básica sobre a conversação para viagens SmartPhrase	A1: Start	Conversação para viagens
pt-PT	Português	/pratica-conversacao-viagem-estados	Utilizações Conversação em Viagem	viagem, utilizações, estrangeiros, países, língua	Todos os países onde é possível falar uma língua estrangeira a partir da nossa Conversação para viagens	A5: Uplatnění	Prática
pt-PT	Português	/suporte-locucao-android	Android: Suporte e FAQ Conversação em Viagem	FAQ, suporte, aplicação, android	Se tiver problemas com a aplicação, pergunte-nos e nós iremos aconselha-lo(a)	A42: Podpora Android	Android
pt-PT	Português	/suporte-locucao-windows8	Windows 8: Suporte e FAQ Conversação em Viagem	FAQ, suporte, aplicação, windows 8	Se tiver problemas com a aplicação, pergunte-nos e nós iremos aconselha-lo(a)	A41: Podpora Windows8	Windows 8
pt-PT	Português	/como-se-apresenta-ipad-conversacao	Exemplo no iPhone	exemplo demonstração conversação para viagens	Conversação para viagens no iPhone ou no iPad torna possível o estudo de 22 línguas	A33: Náhled iOS	iOS
pt-PT	Português	/suporte-locucao-iphone	iOS: Suporte e FAQ Conversação em Viagem	FAQ suporte aplicação iphone ipad	Se tiver problemas com a aplicação no iPhone ou no iPad, pergunte-nos e nós iremos aconselha-lo(a)	A43: Podpora iOS	iOS
pt-PT	Português	/suporte-locucao	Suporte e FAQ Conversação em Viagem	FAQ, suporte, aplicação	Se tiver problemas com a aplicação, pergunte-nos e nós iremos aconselha-lo(a)	A4: Podpora	Suporte
pt-PT	Português	/pt-sitemap	Mapa do site	sitemap	Mapa do site	A10: Mapa webu	
fi-FI	Suomeksi	/kaytannossa-matkasanakirja-valtiot	Matkasanakirjan käyttö	matkailu, käyttö, vieraat, valtiot, maat, fraasisanakirja, kieli	Kaikki maat (valtiot), joissa voit puhua vierasta kieltä Matkasanakirjamme avulla.	A5: Uplatnění	Käytännössä
fi-FI	Suomeksi	/matkasanakirja	Johdanto SmartPhrase sanakirjan käyttöön	fraasisanakirja, johdanto, matkailu	Perustiedot Matkailijan SmartPhrase fraasisanakirjasta	A1: Start	Matkasanakirja
fi-FI	Suomeksi	/milta-nayttaa-fraasisanakirja-android	Android: Esimerkki	esimerkki, matkailijan, fraasisanakirja, android	Matkasanakirja mahdollistaa jopa 22:n kielen opiskelun	A32: Náhled Android	Android
fi-FI	Suomeksi	/milta-nayttaa-fraasisanakirja-windows8	Windows 8: Esimerkki	esimerkki, matkailijan, fraasisanakirja, windows 8	Matkasanakirja mahdollistaa jopa 22:n kielen opiskelun	A31: Náhled W8	Windows 8
fi-FI	Suomeksi	/milta-nayttaa-fraasisanakirja	Esimerkki	esimerkki, matkailijan, fraasisanakirja	Matkasanakirja mahdollistaa jopa 22:n kielen opiskelun	A3: Náhled	Sovelluksen esikatselu
fi-FI	Suomeksi	/ominaisuudet-fraasisanakirja	Matkasanakirjan ominaisuudet	ominaisuudet, fraasisanakirja, matkailu	Matkasanakirjan - sovellus sisältää 22 kieltä	A2: Vlastnosti	Sovelluksen ominaisuudet
fi-FI	Suomeksi	/tuki-fraasi-android	Android: Matkasanakirjan tuki ja FAQ	faq, tuki, sovellus, android	Kysy meiltä, jos sinulla - sovellukseen liittyviä ongelmia, neuvomme mielellämme	A42: Podpora Android	Android
fi-FI	Suomeksi	/tuki-fraasi-windows8	Windows 8: Matkasanakirjan tuki ja FAQ	faq, tuki, sovellus, windows 8	Kysy meiltä, jos sinulla - sovellukseen liittyviä ongelmia, neuvomme mielellämme	A41: Podpora Windows8	Windows 8
fi-FI	Suomeksi	/yhteystiedot-fraasi	Yhteystiedot	yhteystiedot	Kirjoita Matkasanakirjan tekijöille millaisista tahansa sanakirjan - sovelluksen käyttöön liittyvistä huomioistasi	A8: Kontakt	
fi-FI	Suomeksi	/milta-nayttaa-ipad-fraasisanakirja	Esimerkki iPhonessa	esimerkki demo matkailijan fraasisanakirja	Matkasanakirja iPhonessa tai iPadissa mahdollistaa jopa 22:n kielen opiskelun	A33: Náhled iOS	iOS
fi-FI	Suomeksi	/tuki-fraasi-iphone	iOS: Matkasanakirjan tuki ja FAQ	faq tuki sovellus iphone ipad	Kysy meiltä, jos sinulla on iPhone tai iPad -sovellukseen liittyviä ongelmia, neuvomme mielellämme	A43: Podpora iOS	iOS
fi-FI	Suomeksi	/tuki-fraasi	Matkasanakirjan tuki ja FAQ	faq, tuki, sovellus	Kysy meiltä, jos sinulla - sovellukseen liittyviä ongelmia, neuvomme mielellämme	A4: Podpora	Tuki
fi-FI	Suomeksi	/fi-sitemap	Sivustokarttaan	sitemap	Sivustokarttaan	A10: Mapa webu	
sv-SE	Svenska	/egenskaper-konversation	Egenskaper av Resekonversationen	egenskaper av resekonversationen	Applikationen Resekonversationen innehåller 22 språk	A2: Vlastnosti	Applikationens egenskaper
sv-SE	Svenska	/hur-ser-konversationen-ut	Exempel	av resekonversationen	Resekonversationen gör det möjligt att studera upp till 22 språk	A3: Náhled	Visning av applikationen
sv-SE	Svenska	/hur-ser-konversationen-ut-android	Android: Exempel	av resekonversationen, android	Resekonversationen gör det möjligt att studera upp till 22 språk	A32: Náhled Android	Android
sv-SE	Svenska	/hur-ser-konversationen-ut-windows8	Windows 8: Exempel	av resekonversationen, windows 8	Resekonversationen gör det möjligt att studera upp till 22 språk	A31: Náhled W8	Windows 8
sv-SE	Svenska	/kontakt-fras	Kontakter	kontakt	Skriv till författare av Resekonversationen alla era åsikter från användningen av applikationen	A8: Kontakt	
sv-SE	Svenska	/nytta-rese-konversation-lander	Användning av resekonversationen	reseanvädning, utlandet, land, konversation, språk	Alla länder (stater), där ni kan göra er förstådda med främmande språk från vår Resekonversation	A5: Uplatnění	Nytta
sv-SE	Svenska	/resekonversation	Inledning till SmartPhrase	inledning, till, resekonversation	Grundläggande inforation o resekonversation SmartPhrase	A1: Start	Resekonversation
sv-SE	Svenska	/stod-fras-android	Android: Stöd och FAQ av Resekonversationen	faq, stöd, av applikationen, android	Om du har problem med applikationen, fråga oss, vi ger dig råd	A42: Podpora Android	Android
sv-SE	Svenska	/stod-fras-windows8	Windows 8: Stöd och FAQ av Resekonversationen	faq, stöd, av applikationen, windows 8	Om du har problem med applikationen, fråga oss, vi ger dig råd	A41: Podpora Windows8	Windows 8
sv-SE	Svenska	/hur-ser-ipad-konversationen-ut	Exempel på iPhone	demovisning av resekonversationen	Resekonversationen för iPhone eller iPad gör det möjligt att studera upp till 22 språk	A33: Náhled iOS	iOS
sv-SE	Svenska	/stod-fras-iphone	iOS: Stöd och FAQ av Resekonversationen	faq stöd av applikationen iphone ipad	Om du har problem med applikationen på iPhone eller iPad, fråga oss, vi ger dig råd	A43: Podpora iOS	iOS
sv-SE	Svenska	/stod-fras	Stöd och FAQ av Resekonversationen	faq, stöd, av applikationen	Om du har problem med applikationen, fråga oss, vi ger dig råd	A4: Podpora	Stöd
sv-SE	Svenska	/sv-sitemap	Sidokarta	sitemap	Sidokarta	A10: Mapa webu	
tr-TR	Türkçe	/destek-ifade	Destek ve SSS Seyahat konuşma kılavuzu	SSS, destek, uygulama	Uygulaması ile ilgili sorun yaşıyorsanız, bize sorun, size tavsiyede bulunacağız	A4: Podpora	Destek
tr-TR	Türkçe	/destek-ifade-android	Android: Destek ve SSS Seyahat konuşma kılavuzu	SSS, destek, uygulama, android	Uygulaması ile ilgili sorun yaşıyorsanız, bize sorun, size tavsiyede bulunacağız	A42: Podpora Android	Android
tr-TR	Türkçe	/destek-ifade-windows8	Windows 8: Destek ve SSS Seyahat konuşma kılavuzu	SSS, destek, uygulama, windows 8	Uygulaması ile ilgili sorun yaşıyorsanız, bize sorun, size tavsiyede bulunacağız	A41: Podpora Windows8	Windows 8
tr-TR	Türkçe	/iletisim-ifade	İletişim bilgileri	iletişim, bilgileri	Uygulaması Seyahat konuşma kılavuzu yazarlarına, uygulama kullanımından kaynaklanan fikirleriniz hakkında yazın	A8: Kontakt	
tr-TR	Türkçe	/konusma-nasil-gorunur	Üzerinde örnek	örnek, seyahat, diyalogları, konuşma, kılavuzu	Seyahat konuşma kılavuzu, üzerinde 22 dilde çalışma yapmayı mümkün kılar.	A3: Náhled	Uygulama önizleme
tr-TR	Türkçe	/konusma-nasil-gorunur-android	Android: Üzerinde örnek	örnek, seyahat, diyalogları, konuşma, kılavuzu, android	Seyahat konuşma kılavuzu, üzerinde 22 dilde çalışma yapmayı mümkün kılar.	A32: Náhled Android	Android
tr-TR	Türkçe	/konusma-nasil-gorunur-windows8	Windows 8: Üzerinde örnek	örnek, seyahat, diyalogları, konuşma, kılavuzu, windows 8	Seyahat konuşma kılavuzu, üzerinde 22 dilde çalışma yapmayı mümkün kılar.	A31: Náhled W8	Windows 8
tr-TR	Türkçe	/ozellikler-konusma	Seyahat konuşma kılavuzunun Özellikleri	özellikler, diyalog, seyahat, konusma	Seyahat konuşma kılavuzu için 22 dil içerir	A2: Vlastnosti	Uygulama özellikleri
tr-TR	Türkçe	/pratik-seyahat-konusma-devletler	Seyahat konuşma kılavuzu kullanır	seyahat, kullanır, yabanci, devletler, diyalog, dil, konuşma	Seyahat konuşma kılavuzumuzdan bir yabancı dil konuşmanın mümkün olduğu her ülke (devlet)	A5: Uplatnění	Pratik
tr-TR	Türkçe	/ipad-konusma-nasil-gorunur	iPhone üzerinde örnek	örnek demo seyahat diyalogları konuşma kılavuzu	Seyahat konuşma kılavuzu, iPhone veya iPad üzerinde 22 dilde çalışma yapmayı mümkün kılar.	A33: Náhled iOS	iOS
tr-TR	Türkçe	/destek-ifade-iphone	iOS: Destek ve SSS Seyahat konuşma kılavuzu	SSS destek uygulama iphone ipad	iPhone veya iPad uygulaması ile ilgili sorun yaşıyorsanız, bize sorun, size tavsiyede bulunacağız	A43: Podpora iOS	iOS
tr-TR	Türkçe	/seyahat-konusma-kilavuzu	SmartPhrase tanıtımı	diyalog, tanıtım, seyahat	Seyahat konuşma kılavuzu SmartPhrase hakkında temel bilgiler	A1: Start	Seyahat konuşma kılavuzu
tr-TR	Türkçe	/tr-sitemap	Site haritası	sitemap	Site haritası	A10: Mapa webu	
el-GR	Ελληνικά	/efarmogi-chrisimes-taxidiotikes-frasis-chores	Χρήση των Χρήσιμων ταξιδιωτικών φράσεων	ταξιδιωτική, χρήση, χώρα, κράτος, συνομιλία, γλώσσα	Όλες οι χώρες (κράτη), στις οποίες για να επικοινωνήσετε θα πρέπει να μιλήσετε σε ξένη γλώσσα με τις δικές μας Χρήσιμες ταξιδιωτικές φράσεις.	A5: Uplatnění	Εφαρμογή
el-GR	Ελληνικά	/epafi-frasi	Επαφές	επαφή	Γράψτε στους συντάκτες των Χρήσιμων ταξιδιωτικών φράσεων τις οποιεσδήποτε παρατηρήσεις από την λειτουργία εφαρμογής	A8: Kontakt	
el-GR	Ελληνικά	/chrisimes-taxidiotikes-frasis	Εισαγωγή στο SmartPhrase	συνομιλία, εισαγωγή, ταξιδιωτική	Βασικές πληροφορίες σχετικά με τις χρήσιμες ταξιδιωτικές φράσεις SmartPhrase	A1: Start	Χρήσιμες ταξιδιωτικές φράσεις
el-GR	Ελληνικά	/idiotites-sinomilia	Ιδιότητες των Χρήσιμων ταξιδιωτικών φράσεων	ιδιότητα, Φρασεολογία, ταξιδι, Χρήσιμες, ταξιδιωτικές, φράσεις	Η εφαρμογή των Χρήσιμων ταξιδιωτικών φράσεων περιέχει 22 γλώσσες	A2: Vlastnosti	Ιδιότητες εφαρμογής
el-GR	Ελληνικά	/ipostiriksi-frasi-android	Android: Υποστήριξη και συχνές ερωτήσεις των Χρήσιμων ταξιδιωτικών φράσεων	συχνή, ερώτηση, εφαρμογή, android	Αν έχετε προβλήματα με την εφαρμογή, απλά ρωτήστε μας και εμείς θα σας συμβουλέψουμε	A42: Podpora Android	Android
el-GR	Ελληνικά	/ipostiriksi-frasi-windows8	Windows 8: Υποστήριξη και συχνές ερωτήσεις των Χρήσιμων ταξιδιωτικών φράσεων	συχνή, ερώτηση, εφαρμογή, windows 8	Αν έχετε προβλήματα με την εφαρμογή, απλά ρωτήστε μας και εμείς θα σας συμβουλέψουμε	A41: Podpora Windows8	Windows 8
el-GR	Ελληνικά	/ipostiriksi-frasi	Υποστήριξη και συχνές ερωτήσεις των Χρήσιμων ταξιδιωτικών φράσεων	συχνή, ερώτηση, εφαρμογή	Αν έχετε προβλήματα με την εφαρμογή, απλά ρωτήστε μας και εμείς θα σας συμβουλέψουμε	A4: Podpora	Υποστήριξη
el-GR	Ελληνικά	/pos-fainetai-sinomilia-android	Android: Παράδειγμα	παράδειγμα, Φρασεολογία, ταξίδι, Χρήσιμες, ταξιδιωτικές, φράσεις, android	Οι Χρήσιμες ταξιδιωτικές φράσεις σας δίνουν τη δυνατότητα να μελετήσετε έως 22 γλώσσες	A32: Náhled Android	Android
el-GR	Ελληνικά	/pos-fainetai-sinomilia-windows8	Windows 8: Παράδειγμα	παράδειγμα, Φρασεολογία, ταξίδι, Χρήσιμες, ταξιδιωτικές, φράσεις, windows 8		A31: Náhled W8	Windows 8
el-GR	Ελληνικά	/pos-fainetai-ipad-sinomilia	Παράδειγμα στο iPhone	παράδειγμα demo Φρασεολογία ταξίδι Χρήσιμες ταξιδιωτικές φράσεις		A33: Náhled iOS	iOS
el-GR	Ελληνικά	/ipostiriksi-frasi-iphone	iOS: Υποστήριξη και συχνές ερωτήσεις των Χρήσιμων ταξιδιωτικών φράσεων	συχνή ερώτηση εφαρμογή iphone ipad	Αν έχετε προβλήματα με την εφαρμογή στο iPhone ή στο iPad, απλά ρωτήστε μας και εμείς θα σας συμβουλέψουμε	A43: Podpora iOS	iOS
el-GR	Ελληνικά	/pos-fainetai-sinomilia	Παράδειγμα	παράδειγμα, Φρασεολογία, ταξίδι, Χρήσιμες, ταξιδιωτικές, φράσεις	Οι Χρήσιμες ταξιδιωτικές φράσεις σας δίνουν τη δυνατότητα να μελετήσετε έως 22 γλώσσες	A3: Náhled	Προβολή εφαρμογών
el-GR	Ελληνικά	/el-sitemap	Χάρτης τοποθεσίας	sitemap	Χάρτης τοποθεσίας	A10: Mapa webu	
bg-BG	български	/kak-izglezda-razgovornik	Представяне	представяне, пътнически разговорник	Пътническият разговорник позволява изучаване до 22 езика	A3: Náhled	Изглед на приложението
bg-BG	български	/kak-izglezda-razgovornik-android	Android: Представяне	представяне, пътнически разговорник, android	Ако имате проблеми с приложението, попитайте ни, и ние ще ви помогнем.	A32: Náhled Android	Android
bg-BG	български	/kak-izglezda-razgovornik-windows8	Windows 8: Представяне	представяне, пътнически разговорник, windows 8	Ако имате проблеми с приложението, попитайте ни, и ние ще ви помогнем.	A31: Náhled W8	Windows 8
bg-BG	български	/kontakt-fraza	Контакти	Контакт	Напишете на авторите на Пътнически разговорник всички ваши забележки при ползване на приложението.	A8: Kontakt	
bg-BG	български	/patnicheski-razgovornik	Увод към SmartPhrase	Основни, информации за пътнически, разговорник, SmartPhrase	разговорник увод пътнически	A1: Start	Пътнически разговорник
bg-BG	български	/poddrazka-fraza-android	Android: Поддръжка и FAQ на Пътнически разговорник	faq, поддръжка, приложение, android	Ако имате проблеми с приложението, попитайте ни, и ние ще ви помогнем.	A42: Podpora Android	Android
bg-BG	български	/poddrazka-fraza-windows8	Windows 8: Поддръжка и FAQ на Пътнически разговорник	faq, поддръжка, приложение, windows 8	Ако имате проблеми с приложението, попитайте ни, и ние ще ви помогнем.	A41: Podpora Windows8	Windows 8
bg-BG	български	/poddrazka-fraza	Поддръжка и FAQ на Пътнически разговорник	faq, поддръжка, приложение	Ако имате проблеми с приложението, попитайте ни, и ние ще ви помогнем.	A4: Podpora	Поддръжка
bg-BG	български	/prilozenia-patnicheski-razgovornik-darzavi	ползване на Пътнически разговорник	пътуване, чужда, страна, разговор, език	Всички страни (държави), в които ще се разберете на чужд език с нашия Пътнически разговорник.	A5: Uplatnění	Приложения
bg-BG	български	/kak-izglezda-ipad-razgovornik	Представяне на iPhone	представяне демонстрация пътнически разговорник	Пътническият разговорник на iPhone или iPad позволява изучаване до 22 езика	A33: Náhled iOS	iOS
bg-BG	български	/poddrazka-fraza-iphone	iOS: Поддръжка и FAQ на Пътнически разговорник	faq поддръжка приложение iphoneipad	Ако имате проблеми с приложението на iPhone или iPad, попитайте ни, и ние ще ви помогнем.	A43: Podpora iOS	iOS
bg-BG	български	/svojstvai-razgovornik	Свойства на Пътническия разговорник	свойства, пътнически разговорник	Приложението Пътнически разговорник съдържа 22 езика	A2: Vlastnosti	Свойства на приложението
bg-BG	български	/bg-sitemap	Карта на сайта	sitemap	Карта на сайта	A10: Mapa webu	
ru-RU	Русский	/ru-features-conversation	Качества Разговорника	качества, разговор, путешествие	Приложение Разговорник содержит 22 языка	A2: Vlastnosti	Качество приложения
ru-RU	Русский	/ru-contact-phrase	Контакты	контакт	Напишите авторам Разговорника любые Ваши замечания о работе приложения	A8: Kontakt	
ru-RU	Русский	/ru-how-appears-conversation	Демонстрация	демонстрация, разговорник, путешествий	Общение даёт возможность изучить до 22 языков	A3: Náhled	Вид приложения
ru-RU	Русский	/ru-practise-travel-conversation-states	Использование Разговорника	путешествие, использование, иностранный, государство, страна, разговор, язык	Все страны (государства), где Вы сможете договориться с нашим Разговорником.	A5: Uplatnění	Использование
ru-RU	Русский	/ru-how-appears-conversation-android	Android: Демонстрация	демонстрация разговорник путешествий, android	Общение даёт возможность изучить до 22 языков	A32: Náhled Android	Android
ru-RU	Русский	/ru-how-appears-conversation-windows8	Windows 8: Демонстрация	демонстрация разговорник путешествий, windows 8	Общение даёт возможность изучить до 22 языков	A31: Náhled W8	Windows 8
ru-RU	Русский	/ru-support-phrase	Поддержка и FAQ Разговорника для путешествий	faq, поддержка, приложение	При возникновении проблем с приложением, обращайтесь за консультациями к нам	A4: Podpora	Поддержка
ru-RU	Русский	/ru-travel-conversation	Предисловие к SmartPhrase	разговорник, предисловие, путешествия	Базовая информация о Разговорнике для путешествий SmartPhrase	A1: Start	Разговорник для путешествий
ru-RU	Русский	/ru-support-phrase-android	Android: Поддержка и FAQ Разговорника для путешествий	faq, поддержка, приложение, android	При возникновении проблем с приложением, обращайтесь за консультациями к нам	A42: Podpora Android	Android
ru-RU	Русский	/ru-support-phrase-windows8	Windows 8: Поддержка и FAQ Разговорника для путешествий	faq, поддержка, приложение, windows 8	При возникновении проблем с приложением, обращайтесь за консультациями к нам	A41: Podpora Windows8	Windows 8
ru-RU	Русский	/ru-how-appears-ipad-conversation	Демонстрация на iPhone	демонстрация разговорник путешествий	Общение в iPhone или iPad даёт возможность изучить до 22 языков	A33: Náhled iOS	iOS
ru-RU	Русский	/ru-support-phrase-iphone	iOS: Поддержка и FAQ Разговорника для путешествий	faq поддержка приложение iphone ipad	При возникновении проблем с приложением iPhone či iPad, обращайтесь за консультациями к нам	A43: Podpora iOS	iOS
ru-RU	Русский	/ru-sitemap	Карта сайта	sitemap	Карта сайта	A10: Mapa webu	
he-IL	עברית	/he-contact-phrase	צור קשר	קשר	כתבו למחברי השיחון לתייר את כל ההערות שלכם הקשורות לשימוש ביישום עבור	A8: Kontakt	
he-IL	עברית	/he-features-phrasebook	תכונות של שיחון לתייר	תכונות של שיחון לתייר	מכיל 22 שפות היישום שיחון לתייר עבור	A2: Vlastnosti	תכונות היישום
he-IL	עברית	/he-how-appears-phrasebook	דוגמה על	של השיחון לתייר DEMO - הדוגמה	מאפשר ללמוד עד 22 שפות שיחון לתייר עבור	A3: Náhled	תצוגת היישום
he-IL	עברית	/he-how-appears-phrasebook-android	דוגמה על	של השיחון לתייר DEMO - הדוגמה	מאפשר ללמוד עד 22 שפות שיחון לתייר עבור	A32: Náhled Android	Android
he-IL	עברית	/he-how-appears-phrasebook-windows8	דוגמה על	של השיחון לתייר DEMO - הדוגמה	Οι Χρήσιμες ταξιδιωτικές φράσεις σας δίνουν τη δυνατότητα να μελετήσετε έως 22 γλώσσες	A31: Náhled W8	Windows 8
he-IL	עברית	/he-practise-travel-phrasebook-states	שימושים בשיחון לתייר	שימוש בנסיעות מדינה זרה ארץ שיחה שפה	כל הארצות (כל המדינות) בהן תוכלו לדבר בשפה זרה מתוך השיחון לתייר שלנו	A5: Uplatnění	שימוש
he-IL	עברית	/he-support-phrase	תמיכה ושאלות נפוצות של השיחון לתייר	שאלות נפוצות בתמיכת היישום עבור	!אנא פנו אלינו ואנו נסייע לכם	A4: Podpora	תמיכה
he-IL	עברית	/he-support-phrase-android	תמיכה ושאלות נפוצות של השיחון לתייר	שאלות נפוצות בתמיכת היישום עבור	!אנא פנו אלינו ואנו נסייע לכם	A42: Podpora Android	Android
he-IL	עברית	/he-support-phrase-windows8	תמיכה ושאלות נפוצות של השיחון לתייר	שאלות נפוצות בתמיכת היישום עבור	!אנא פנו אלינו ואנו נסייע לכם	A41: Podpora Windows8	Windows 8
he-IL	עברית	/he-how-appears-ipad-phrasebook	iPhone דוגמה על	של השיחון לתייר DEMO - הדוגמה	Οι Χρήσιμες ταξιδιωτικές φράσεις στο iPhone ή στο iPad σας δίνουν τη δυνατότητα να μελετήσετε έως 22 γλώσσες	A33: Náhled iOS	iOS
he-IL	עברית	/he-support-phrase-iphone	iOS: תמיכה ושאלות נפוצות של השיחון לתייר	שאלות נפוצות בתמיכת היישום עבור ipad iphone	!אנא פנו אלינו ואנו נסייע לכם ? iPhone או iPad האם יש לכם בעיה עם היישום עבור	A43: Podpora iOS	iOS
he-IL	עברית	/he-travel-phrasebook	SmartPhrase- מבוא ל	שיחון מבוא תיירות	SmartPhrase מידע בסיסי אדות שיחון לתייר	A1: Start	שיחון לתייר
he-IL	עברית	/he-sitemap	מפת האתר	sitemap	מפת האתר	A10: Mapa webu	
ar-SA	العربية	/aldaim-mrhala	للعبارات المستخدمة في السفر FAQ الدعم و	faq الدعم التطبيق	إذا ما واجهتكم مشاكل مع التطبيق على iتتردوا في سؤالنا و نحن سوف نقوم بمساعدتكم.	A4: Podpora	الدعم
ar-SA	العربية	/aldaim-mrhala-android	Android: للعبارات المستخدمة في السفر FAQ الدعم و	faq الدعم التطبيق	إذا ما واجهتكم مشاكل مع التطبيق على iتتردوا في سؤالنا و نحن سوف نقوم بمساعدتكم.	A42: Podpora Android	Android
ar-SA	العربية	/aldaim-mrhala-windows8	Windows 8: للعبارات المستخدمة في السفر FAQ الدعم و	faq الدعم التطبيق	ذا ما واجهتكم مشاكل مع التطبيق على iتتردوا في سؤالنا و نحن سوف نقوم بمساعدتكم.	A41: Podpora Windows8	Windows 8
ar-SA	العربية	/chsais-aibarat	خصائص العبارات المستخدمة في السفر	خصائص ,عبارات ,السفر	تطبيق العبارات المستخدمة في السفر لـ يحتوي على 22 لغة	A2: Vlastnosti	خصائص التطبيق
ar-SA	العربية	/istichdam-safr-aibarat-dul	استخدام العبارات المتعلقة بالسفر	سفر, استخدام ,أجنبية ,دولة ,عبارات ,لغة	قائمة بجميع الدول والبلدان حيث تستطيعون التحدث و التفاهم باللغة الأجنبية باستخدام عباراتنا المتعلقة بالسفر	A5: Uplatnění	استخدام
ar-SA	العربية	/itsil-bina-mustalh	العناوين	العنوان	راسلوا مؤلفي العبارات المستخدمة في السفر و اكتبوا لهم أي ملاحظة عن التطبيق على اي فون و اي باد	A8: Kontakt	
ar-SA	العربية	/kifa-jabdu-aibarat	مثال توضيحي على	عرض ديمو ,العبارات ,المستخدمة في ,السفر	العبارات المستخدمة في السفر على جهاز iPhone ، ipad تتيح دراسة 22 لغة	A3: Náhled	عرض التطبيق
ar-SA	العربية	/kifa-jabdu-aibarat-android	Android: مثال توضيحي على	عرض ديمو ,العبارات ,المستخدمة في ,السفر	العبارات المستخدمة في السفر على جهاز تتيح دراسة 22 لغة	A32: Náhled Android	Android
ar-SA	العربية	/kifa-jabdu-aibarat-windows8	Windows 8: مثال توضيحي على	عرض ديمو ,العبارات ,المستخدمة في ,السفر	العبارات المستخدمة في السفر على جهاز تتيح دراسة 22 لغة	A31: Náhled W8	Windows 8
ar-SA	العربية	/kifa-jabdu-ipad-aibarat	iPhone مثال توضيحي على	عرض ديمو العبارات المستخدمة في السفر	العبارات المستخدمة في السفر على جهاز iPhone ، ipad تتيح دراسة 22 لغة	A33: Náhled iOS	iOS
ar-SA	العربية	/aldaim-mrhala-iphone	iOS: للعبارات المستخدمة في السفر FAQ الدعم و	faq الدعم التطبيق iphone(اي فون) ipad (اي باد)	إذا ما واجهتكم مشاكل مع التطبيق على iPhoneأو iPadلا تتردوا في سؤالنا و نحن سوف نقوم بمساعدتكم.	A43: Podpora iOS	iOS
ar-SA	العربية	/safr-aibarat	SmartPhrase مدخل إلى	عبارات ,مدخل ,سفر	iSmartPhrase معلومات أساسية عن العبارات التي تستخدم في السفر ـ	A1: Start	عبارات تستخدم في السفر
ar-SA	العربية	/ar-sitemap	خريطة الموقع	sitemap	خريطة الموقع	A10: Mapa webu	
zh-CN	中文	/china-contact-phrase	联系人	联系人	将你的想法和在上使用旅行常用会话指南的经历发送给程序作者	A8: Kontakt	
zh-CN	中文	/china-features-phrasebook	旅行常用会话指南特色	特色, 对话, 旅行	旅行常用会话指南包含22种语言	A2: Vlastnosti	应用程序特色
zh-CN	中文	/china-how-appears-phrasebook	实例	旅行常用会话指南展示	上旅行常用会话指南让你有机会学习22种语言	A3: Náhled	应用程序预览
zh-CN	中文	/china-how-appears-phrasebook-android	Android: 实例	旅行常用会话指南展示, Android	上旅行常用会话指南让你有机会学习22种语言	A32: Náhled Android	Android
zh-CN	中文	/china-how-appears-phrasebook-windows8	Windows 8: 实例	旅行常用会话指南展示, Windows 8	上旅行常用会话指南让你有机会学习22种语言	A31: Náhled W8	Windows 8
zh-CN	中文	/china-practice-travel-phrasebook-states	使用旅行常用会话指南	旅行使用国外联邦对话语言会话指南	使用旅行常用会话指南，你可以在任何一个国家使用它们的语言	A5: Uplatnění	练习
zh-CN	中文	/china-support-phrase	旅行常用会话指南支持和常见疑问	常见疑问支持应用程序	如果你在上使用应用程序有任何问题，请寻求我们的帮助。	A4: Podpora	支持
zh-CN	中文	/china-support-phrase-android	Android: 旅行常用会话指南支持和常见疑问	常见疑问支持应用程序, Android	如果你在上使用应用程序有任何问题，请寻求我们的帮助。	A42: Podpora Android	Android
zh-CN	中文	/china-support-phrase-windows8	Windows 8: 旅行常用会话指南支持和常见疑问	常见疑问支持应用程序, Windows 8	如果你在上使用应用程序有任何问题，请寻求我们的帮助。	A41: Podpora Windows8	Windows 8
zh-CN	中文	/china-how-appears-ipad-phrasebook	iPhone 实例	旅行常用会话指南展示	iPhone或iPad上旅行常用会话指南让你有机会学习22种语言	A33: Náhled iOS	iOS
zh-CN	中文	/china-support-phrase-iphone	iOS: 旅行常用会话指南支持和常见疑问	常见疑问支持应用程序 iphone ipad	如果你在iPhone或iPad上使用应用程序有任何问题，请寻求我们的帮助。	A43: Podpora iOS	iOS
zh-CN	中文	/china-traveler-phrasebook	介绍SmartPhrase	旅行, 介绍, 对话	旅行常用会话指南SmartPhrase的基本信息	A1: Start	旅行常用会话指南
zh-CN	中文	/zh-sitemap	网站地图	sitemap	网站地图	A10: Mapa webu	
ja-JP	日本語	/ja-contact-phrase	コンタクト	コンタクト	用アプリケーションに関するあなたのアイディアを旅行会話製作者に書いてください。	A8: Kontakt	
ja-JP	日本語	/ja-features-conversation	旅行会話の特徴	旅行 会話 の特徴	でご利用いただける旅行会話22言語収録	A2: Vlastnosti	旅行会話の特徴
ja-JP	日本語	/ja-how-appears-conversation	上の例	旅行会話のデモ例	でご利用いただける旅行会話アプリケーションで22カ国の言語を学ぶことが可能になります。	A3: Náhled	アプリケーションのプレビュー
ja-JP	日本語	/ja-how-appears-conversation-android	上の例	旅行会話のデモ例	でご利用いただける旅行会話アプリケーションで22カ国の言語を学ぶことが可能になります。	A32: Náhled Android	Android
ja-JP	日本語	/ja-how-appears-conversation-windows8	上の例	旅行会話のデモ例	でご利用いただける旅行会話アプリケーションで22カ国の言語を学ぶことが可能になります。	A31: Náhled W8	Windows 8
ja-JP	日本語	/ja-practise-travel-conversation-states	旅行会話を利用	旅行 利用 外国 会話 言語	私達の旅行会話アプリから外国語が話せる全ての国々	A5: Uplatnění	練習
ja-JP	日本語	/ja-support-phrase	サポートと旅行会話の FAQ	FAQ サポート アプリケーション	又はのアプリケーショントラブルの場合は、私達に聞いてください。私達がサポート致します。	A4: Podpora	サポート
ja-JP	日本語	/ja-support-phrase-android	サポートと旅行会話の FAQ	FAQ サポート アプリケーション	又はのアプリケーショントラブルの場合は、私達に聞いてください。私達がサポート致します。	A42: Podpora Android	Android
ja-JP	日本語	/ja-support-phrase-windows8	サポートと旅行会話の FAQ	FAQ サポート アプリケーション	又はのアプリケーショントラブルの場合は、私達に聞いてください。私達がサポート致します。	A41: Podpora Windows8	Windows 8
ja-JP	日本語	/ja-how-appears-ipad-conversation	iPhone上の例	旅行会話のデモ例	Conversazione da Viaggio sull’iPhone o sull’iPad permette di studiare fino a 22 lingue	A33: Náhled iOS	iOS
ja-JP	日本語	/ja-support-phrase-iphone	iOS: サポートと旅行会話の FAQ	FAQ サポート アプリケーション iphone ipad	iPhone 又は iPadのアプリケーショントラブルの場合は、私達に聞いてください。私達がサポート致します。	A43: Podpora iOS	iOS
ja-JP	日本語	/ja-travel-conversation	SmartPhraseの紹介	会話 紹介 旅行	SmartPhrase旅行会話の基本情報	A1: Start	旅行会話
ja-JP	日本語	/ja-sitemap	サイトマップ	sitemap	サイトマップ	A10: Mapa webu	