Afeganistão,,,,,,,,,,,,,,,,,,,,x,,,,AF,af
Albania,,,,,,,,,,,x,,,,,,,,,,,,,AL,al
Algeria,,,,x,,,,,,,,,,,,,,,,x,,,,DZ,dz
Samoa Americana,,x,,,,,,,,,,,,,,,,,,,,,,AS,as
U.S. Ilhas Virgens,,x,,,,,,,,,,,,,,,,,,,,,,VI,vi
Andorra,,,,x,x,,,,,,,,,,,,,,,,,,,AD,ad
Angola,,,,,,,,,,,,,,x,,,,,,,,,,AO,ao
Anguilla,,x,,,,,,,,,,,,,,,,,,,,,,AI,ai
Antigua e Barbuda,,x,,,,,,,,,,,,,,,,,,,,,,AG,ag
Argentina,,,,,x,,,,,,,,,,,,,,,,,,,AR,ar
Armenia,,,,,,,x,,,,,,,,,,,,,,,,,AM,am
Aruba,,x,,,,,,,,,,x,,,,,,,,,,,,AW,aw
Australia,,x,,,,,,,,,,,,,,,,,,,,,,AU,au
Azerbeijão,,,,,,,x,,,,,,,,,,,,,,,,,AZ,az
Bahamas,,x,,,,,,,,,,,,,,,,,,,,,,BS,bs
Bahrain,,,,,,,,,,,,,,,,,,,,x,,,,BH,bh
Bangladesh,,,,,,,,,,,,,,,,,,,,,,,,BD,bd
Barbados,,x,,,,,,,,,,,,,,,,,,,,,,BB,bb
Belgica,,,x,x,,,,,,,,x,,,,,,,,,,,,BE,be
Belize,,x,,,x,,,,,,,,,,,,,,,,,,,BZ,bz
Belorússia,,,,,,,x,,,,,,,,,,,,,,,,,BY,by
Benin,,,,x,,,,,,,,,,,,,,,,,,,,BJ,bj
Bermuda,,x,,,,,,,,,,,,,,,,,,,,,,BM,bm
Butão,,,,,,,,,,,,,,,,,,,,,,,,BT,bt
Bolivia,,,,,x,,,,,,,,,,,,,,,,,,,BO,bo
Bosnia e Herzegovina,,,,,,,,x,,,,,,,,,,,,,,,,BA,ba
Botswana,,x,,,,,,,,,,,,,,,,,,,,,,BW,bw
Brasil,,,,,,,,,,,,,,x,,,,,,,,,,BR,br
Ilhas Virgens Britânicas,,x,,,,,,,,,,,,,,,,,,,,,,VG,vg
Brunei,,x,,,,,,,,,,,,,,,,,,,,x,,BN,bn
Bulgaria,,,,,,,,,,,,,x,,,,,,x,,,,,BG,bg
Burkina Faso,,,,x,,,,,,,,,,,,,,,,,,,,BF,bf
Burundi,,,,x,,,,,,,,,,,,,,,,,,,,BI,bi
Ilhas Cook,,x,,,,,,,,,,,,,,,,,,,,,,CK,ck
Chad,,,,x,,,,,,,,,,,,,,,,x,,,,TD,td
Montenegro,,,,,,,,,x,,,,,,,,,,,,,,,ME,me
República Checa,x,,,,,,,,,,,,,,,,,,,,,,,CZ,cz
China,,x,,,,,,,,,,,,,,,,,,,,x,,CN,cn
Dinamarca,,,x,,,,,,,,,,,,x,,,,,,,,,DK,dk
República Democrática do Congo,,,,x,,,,,,,,,,,,,,,,,,,,CD,cd
Dominica,,x,,,,,,,,,,,,,,,,,,,,,,DM,dm
República Dominicana,,x,,,x,,,,,,,,,,,,,,,,,,,DO,do
Djibouti,,,,x,,,,,,,,,,,,,,,,x,,,,DJ,dj
Egito,,,,,,,,,,,x,,,,,,,,,x,,,,EG,eg
Equador,,,,,x,,,,,,,,,,,,,,,,,,,EC,ec
Eritrea,,x,,,,,,,,,,,,,,,,,,x,,,,ER,er
Estonia,,,,,,,x,,,,,,,,,,,,,,,,,EE,ee
Etiópia,,x,,,,,,,,,,,,,,,,,,,,,,ET,et
Ilhas Faroé,,,,,,,,,,,,,,,x,,,,,,,,,FO,fo
Ilhas Falkland,,x,,,,,,,,,,,,,,,,,,,,,,FK,fk
Estados Federativos da Micronésia,,x,,,,,,,,,,,,,,,,,,,,,,FM,fm
Fiji,,x,,,,,,,,,,,,,,,,,,,,,,FJ,fj
Filipinas,,x,,,x,,,,,,,,,,,,,,,,,x,,PH,ph
Finlandia,,,,,,,x,,,,,,,,,x,,x,,,,,,FI,fi
Grança,,,x,,x,x,,,,,,x,,x,,x,,,,,,,,FR,fr
guiana Francesa,,,,x,,,,,,,,,,,,,,,,,,,,GF,gf
Polinésia Francesa,,,,x,,,,,,,,,,,,,,,,,,,,PF,pf
Gabão,,,,x,,,,,,,,,,,,,,,,,,,,GA,ga
Gambia,,x,,,,,,,,,,,,,,,,,,,,,,GM,gm
Gana,,x,,,,,,,,,,,,,,,,,,,,,,GH,gh
Gibraltar,,x,,,x,,,,,,,,,,,,,,,,,,,GL,gl
Granada,,x,,,,,,,,,,,,,,,,,,,,,,GD,gd
Gronelandia,,,,,,,,,,,,,,,x,,,,,,,,,GL,gl
Georgia,,,,,,,x,,,,,,,,,,,,,,,,,GE,ge
Guadalupe,,x,,x,,,,,,,,,,,,,,,,,,,,GP,gp
Guam,,x,,,,,,,,,,,,,,,,,,,,,,GU,gu
Guatemala,,,,,x,,,,,,,,,,,,,,,,,,,GT,gt
Guernsey,,,,,,,,,,,,,,,,,,,,,,,,GG,gg
Guiné,,,,x,,,,,,,,,,,,,,,,,,,,GN,gn
Guiné-Bissau,,,,,,,,,,,,,,x,,,,,,,,,,GW,gw
Guiana,,x,,,,,,,,,,,,,,,,,,,,,,GY,gy
Haiti,,,,x,,,,,,,,,,,,,,,,,,,,HT,ht
Honduras,,x,,,x,,,,,,,,,,,,,,,,,,,HN,hn
Hong Kong,,,,,,,,,,,,,,,,,,,,,,,,HK,hk
Chile,,,,,x,,,,,,,,,,,,,,,,,,,CL,cl
Croácia,,,,,,x,,x,,x,,,,,,x,,,,,,,,HR,hr
India,,x,,,,,,,,,,,,,,,,,,,,,,IN,in
Indonesia,,,,,,,,,,,,,,,,,,,,,,x,,ID,id
Iraque,,,,,,,,,,,,,,,,,,,,x,,,,IQ,iq
Irão,,,,,,,,,,,,,,,,,,,,x,,,,IR,ir
Irlanda,,x,,,,,,,,,,,,,,,,,,,,,,IE,ie
Islandia,,,,,,,,,,,,,,,,,,,,,,,,IS,is
Itália,,,x,x,,x,,x,,,x,,,,,x,,,,,,,,IT,it
Israel,,x,,,,,x,,x,x,,,,,,,,,,x,,,x,IL,il
Jamaica,,x,,,,,,,,,,,,,,,,,,,,,,JM,jm
Japão,,,,,,,,,,,,,,,,,,,,,x,,,JP,jp
Yemen,,,,,,,,,,,,,,,,,,,,x,,,,YE,ye
Jersia,,,,,,,,,,,,,,,,,,,,,,,,JE,je
Africa do Sul,,x,,,,,,,,,,,,,,,,,,,,,,ZA,za
Coreia do Sul,,,,,,,,,,,,,,,,,,,,,,,,KR,kr
Sudão do Sul,,,,,,,,,,,,,,,,,,,,,,,,SS,ss
Jordânia,,,,,,,,,,,,,,,,,,,,x,,,,JO,jo
Ilhas Caimão,,x,,,,,,,,,,,,,,,,,,,,,,KY,ky
Cambodja,,x,,x,,,,,,,,,,,,,,,,,,,,KH,kh
Camarões,,x,,x,,,,,,,,,,,,,,,,x,,,,CM,cm
Canadá,,x,,x,,,x,,,,,,,,,,,,,,,,,CA,ca
Cabo verde,,,,,,,,,,,,,,x,,,,,,,,,,CV,cv
Qatar,,,,,,,,,,,,,,,,,,,,x,,,,QA,qa
Kazaquistão,,,,,,,x,,,,,,,,,,,,,,,,,KZ,kz
Quênia,,x,,,,,,,,,,,,,,,,,,,,,,KE,ke
Kiribati,,x,,,,,,,,,,,,,,,,,,,,,,KI,ki
Colômbia,,,,,x,,,,,,,,,,,,,,,,,,,CO,co
Comoros,,,,x,,,,,,,,,,,,,,,,x,,,,KM,km
Kosovo,,,,,,,,,,,,,,,,,,,,,,,,XK,xk
Costa Rica,,,,,x,,,,,,,,,,,,,,,,,,,CR,cr
Cuba,,,,,x,,,,,,,,,,,,,,,,,,,CU,cu
Kuwait,,,,,,,,,,,,,,,,,,,,x,,,,KW,kw
Chipre,,,,,,,,,,,x,,x,,,,,,,x,,,,CY,cy
Kyrgyzstan,,,,,,,x,,,,,,,,,,,,,,,,,KG,kg
Laos,,,,x,,,,,,,,,,,,,,,,,,,,LA,la
Lesoto,,x,,,,,,,,,,,,,,,,,,,,,,LS,ls
Libano,,x,,x,,,,,,,,,,,,,,,,x,,,,LB,lb
Libéria,,x,,,,,,,,,,,,,,,,,,,,,,LR,lr
Libia,,,,,,,,,,,,,,,,,,,,x,,,,LY,ly
Liechtenstein,,,x,,,,,,,,,,,,,,,,,,,,,LI,li
Lituânia,,,,,,,x,,,,,,,,,,,,,,,,,LT,lt
Letónia,,,,,,,x,,,,,,,,,,,,,,,,,LV,lv
Luxemburgo,,,x,x,,,,,,,,,,,,,,,,,,,,LU,lu
Macáu,,,,,,,,,,,,,,x,,,,,,,,,,MO,mo
Madagascar,,,,x,,,,,,,,,,,,,,,,,,,,MG,mg
Hungria,,,,,,,,x,,x,,,,,,,,,,,,,,HU,hu
Macedónia,,,,,,,,,,,,,x,,,,,,x,,,,,MK,mk
Malásia,,x,,,,,,,,,,,,,,,,,,,,x,,MY,my
Malawi,,x,,,,,,,,,,,,,,,,,,,,,,MW,mw
maldivas,,,,,,,,,,,,,,,,,,,,,,,,MV,mv
Mali,,,,x,,,,,,,,,,,,,,,,x,,,,ML,ml
Malta,,x,,,,,,,,,,,,,,,,,,,,,,MT,mt
Marrocos,,,,,x,,,,,,,,,,,,,,,x,,,,MA,ma
Ilhas Marshall,,x,,,,,,,,,,,,,,,,,,,,,,MH,mh
Martinica,,,,x,,,,,,,,,,,,,,,,,,,,MQ,mq
Maurício,,,,,,,,,,,,,,,,,,,,x,,,,MR,mr
Mauri,,x,,x,,,,,,,,,,,,,,,,,,,,MU,mu
Mayotte,,,,x,,,,,,,,,,,,,,,,,,,,YT,yt
México,,,,,x,,,,,,,,,,,,,,,,,,,MX,mx
Moldávia,,,,,,,x,,,,,,,,,,,,x,,,,,MD,md
Mônaco,,,,x,,,,,,,,,,,,,,,,,,,,MC,mc
Mongólia,,,,,,,,,,,,,,,,,,,,,,x,,MN,mn
Montserrat,,x,,,,,,,,,,,,,,,,,,,,,,MS,ms
Moçambique,,,,,,,,,,,,,,x,,,,,,,,,,MZ,mz
Myanmar,,,,,,,,,,,,,,,,,,,,,,,,MM,mm
Namibia,,x,x,,,,,,,,,,,,,,,,,,,,,NA,na
Nauru,,x,,,,,,,,,,,,,,,,,,,,,,NR,nr
Alemanha,,,x,,,,,,x,,,,,,,,,,,,,,,DE,de
Nepal,,,,,,,,,,,,,,,,,,,,,,,,NP,np
Nicaragua,,,,,x,,,,,,,,,,,,,,,,,,,NI,ni
Niger,,,,x,,,,,,,,,,,,,,,,x,,,,NE,ne
Nigeria,,x,,,,,,,,,,,,,,,,,,x,,,,NG,ng
Niue,,x,,,,,,,,,,,,,,,,,,,,,,NU,nu
Antilhas Holandesas,,x,,,,,,,,,,,,,,,,,,,,,,AN,an
Holanda,,,,,,,,,,,,x,,,,,,,,,,,,NL,nl
Noruega,,,,,,,,,,,,,,,,,x,,,,,,,NO,no
Nova Caledonia,,,,x,,,,,,,,,,,,,,,,,,,,NC,nc
Nova Zelandia,,x,,,,,,,,,,,,,,,,,,,,,,NZ,nz
Oman,,,,,,,,,,,,,,,,,,,,x,,,,OM,om
Ilha de Man,,,,,,,,,,,,,,,,,,,,,,,,IM,im
Paquistaão,,x,,,,,,,,,,,,,,,,,,,,,,PK,pk
Palau,,x,,,,,,,,,,,,,,,,,,,,,,PW,pw
Palestina,,,,,,,,,,,,,,,,,,,,x,,,,PS,ps
Panamá,,,,,x,,,,,,,,,,,,,,,,,,,PA,pa
Papua Nova Guiné,,x,,,,,,,,,,,,,,,,,,,,,,PG,pg
Paraguai,,,,,x,,,,,,,,,,,,,,,,,,,PY,py
Peru,,,,,x,,,,,,,,,,,,,,,,,,,PE,pe
Ilhas Pitcairn,,x,,,,,,,,,,,,,,,,,,,,,,PN,pn
Costa do Marfim,,,,x,,,,,,,,,,,,,,,,,,,,CI,ci
Polônia,,,,,,,,,x,,,,,,,,,,,,,,,PL,pl
Porto Rico,,x,,,x,,,,,,,,,,,,,,,,,,,PR,pr
Portugal,,,,,,,,,,,,,,,,,,,,,,,,PT,pt
Austria,,,x,,,,,x,,x,,,,,,,,,,,,,,AT,at
República do Congo,,,,,,,,,,,,,,,,,,,,,,,,CG,cg
Reunião,,,,x,,,,,,,,,,,,,,,,,,,,RE,re
Guiné Equatorial,,,,x,x,,,,,,,,,,,,,,,,,,,GQ,gq
Roménia,,,,,,,,,x,x,x,,x,,,,,,x,,,,,RO,ro
Russia,,,,,,,x,,,,,,,,,,,,,,,,,RU,ru
Rwanda,,x,,x,,,,,,,,,,,,,,,,,,,,RW,rw
Grécia,,,,,,,,,,,x,,x,,,,,,x,,,,,GR,gr
Saint-Barthélemy,,,,,,,,,,,,,,,,,,,,,,,,BL,bl
Saint-Martin,,,,,,,,,,,,,,,,,,,,,,,,MF,mf
Saint-Pierre e Miquelon,,x,,x,,,,,,,,,,,,,,,,,,,,PM,pm
El Salvador,,,,,x,,,,,,,,,,,,,,,,,,,SV,sv
Samoa,,x,,,,,,,,,,,,,,,,,,,,,,WS,ws
San Marino,,,,,,x,,,,,,,,,,x,,,,,,,,SM,sm
Arábia Saudita,,,,,,,,,,,,,,,,,,,,x,,,,SA,sa
Senegal,,,,x,,,,,,,,,,,,,,,,,,,,SN,sn
Coreia do Norte,,,,,,,,,,,,,,,,,,,,,,,,KP,kp
Ilhas Marianas Norte,,x,,,,,,,,,,,,,,,,,,,,,,MP,mp
Seicheles,,x,,x,,,,,,,,,,,,,,,,,,,,SC,sc
Serra Leoa,,x,,,,,,,,,,,,,,,,,,,,,,SL,sl
Singapura,,x,,,,,,,,,,,,,,,,,,,,x,,SG,sg
Eslováquia,x,,,,,,,,x,x,,,,,,,,,,,,,,SK,sk
Eslovénia,,,,,,x,,,,x,,,,,,x,,,,,,,,SI,si
Somaliland,,,,,,,,,,,,,,,,,,,,,,,,SO,so
Somalia,,x,,,,,,,,,,,,,,,,,,x,,,,SO,so
Emiratos Arabes Unidos,,,,,,,,,,,,,,,,,,,,x,,,,AE,ae
Reino Unido,,x,,x,,,,,,,,,,,,,,,,,,,,GB,gb
Estados Unidoss,,x,,x,x,,x,,,,,,,,,,,,,,,,x,US,us
Sérvia,,,,,,,,,,x,,,,,,,,,x,,,,,RS,rs
Sri Lanka,,x,,,,,,,,,,,,,,,,,,,,,,LK,lk
República Centro Africana,,,,x,,,,,,,,,,,,,,,,,,,,CF,cf
Sudan,,,,,,,,,,,,,,,,,,,,x,,,,SD,sd
Suriname,,,,,,,,,,,,x,,,,,,,,,,,,SR,sr
Santa Helena,,x,,,,,,,,,,,,,,,,,,,,,,SH,sh
Santa Lucia,,x,,,,,,,,,,,,,,,,,,,,,,LC,lc
Saint Kitts e Nevis,,x,,,,,,,,,,,,,,,,,,,,,,KN,kn
São Tomé e Príncipe,,,,,,,,,,,,,,x,,,,,,,,,,ST,st
São Vincente e Grenadines,,x,,,,,,,,,,,,,,,,,,,,,,VC,vc
Swazilandia,,x,,,,,,,,,,,,,,,,,,,,,,SZ,sz
Síria,,,,,,,,,,,,,,,,,,,,x,,,,SY,sy
Ilhas Salomão,,x,,,,,,,,,,,,,,,,,,,,,,SB,sb
Espanha,,,,,x,,,,,,,,,,,,,,,,,,,ES,es
Suécia,,,,,,,,,,,,,,,,,,x,,,,,,SE,se
Suiça,,,x,x,,x,,,,,,,,,,x,,,,,,,,CH,ch
Tajikistão,,,,,,,x,,,,,,,,,,,,,x,,,,TJ,tj
Taiwan,,,,,,,,,,,,,,,,,,,,,x,x,,TW,tw
Tanzania,,x,,,,,,,,,,,,,,,,,,x,,,,TZ,tz
Tailandia,,,,,,,,,,,,,,,,,,,,,,x,,TH,th
Togo,,,,x,,,,,,,,,,,,,,,,,,,,TG,tg
Tokelau,,x,,,,,,,,,,,,,,,,,,,,,,TK,tk
Tonga,,,,,,,,,,,,,,,,,,,,,,,,TO,to
Trinidad e Tobago,,x,,,,,,,,,,,,,,,,,,,,,,TT,tt
Tunisia,,,,x,,,,,,,,,,,,,,,,x,,,,TN,tn
Turquia,,,,,,,,,,,x,,x,,,,,,x,x,,,,TR,tr
Turkmenistão,,,,,,,x,,,,,,,,,,,,,,,,,TM,tm
Ilhas Turks e Caicos,,x,,,,,,,,,,,,,,,,,,,,,,TC,tc
Tuvalu,,,,,,,,,,,,,,,,,,,,,,,,TV,tv
Uganda,,x,,,,,,,,,,,,,,,,,,,,,,UG,ug
Ucrânia,,,,,,,,,,x,x,,,,,,,,,,,,,UA,ua
Uruguai,,,,,x,,,,,,,,,,,,,,,,,,,UY,uy
Uzbekistão,,,,,,,x,,,,,,x,,,,,,,x,,,,UZ,uz
Vanuatu,,x,,x,,,,,,,,,,,,,,,,,,,,VU,vu
Cidade do Vaticano,,,,,,x,,,,,,,,,,x,,,,,,,,VA,va
Venezuela,,,,,x,,,,,,,,,,,,,,,,,,,VE,ve
Vietname,,,,x,,,,,,,,,,,,,,,,,,,,VN,vn
Timor Leste,,,,,,,,,,,,,,x,,,,,,,,,,TL,tl
Wallis e Futuna,,,,x,,,,,,,,,,,,,,,,,,,,WF,wf
Zâmbia,,x,,,,,,,,,,,,,,,,,,,,,,ZM,zm
Sara Ocidental,,,,,,,,,,,,,,,,,,,,,,,,EH,eh
Zimbabwe,,x,,,,,,,,,,,,,,,,,,,,,,ZW,zw